{
    "model": "local_webcam_calibration",
    "a": 281.3921805243905,
    "b": 0.16182210486246584,
    "r2": 0.6494134064538806
}