{
    "model": "linear",
    "a": -0.0019182804517775254,
    "b": 1.8595381182808568
}