{
    "model": "reciprocal_nyu_final",
    "a": 299.1678771972656,
    "b": 1.5747392177581787,
    "r2": 0.4235517978668213,
    "samples_used": 500
}